id,owner_id,sport_id,name,category,status,created_at,updated_at,sport_space_id,season_id,category_id
eee4a736-46cd-4fab-a392-357d1fff7ba8,c8f075a8-04b0-4512-a5ba-c0decff4ad98,6ee6221b-c976-455e-ad6b-a7dcc334c8b4,Equipo A,,active,2026-07-28 19:15:44.245791+00,2026-07-29 12:01:58.760608+00,2f1f3048-f73c-48d9-aed4-ef48c62882e0,,
37e8732c-4dfc-4517-b6de-bda5f1c7664d,f80f62fa-a948-47d5-8d90-4c4e1e2dac20,6ee6221b-c976-455e-ad6b-a7dcc334c8b4,Equipo A,,active,2026-07-28 19:15:51.001048+00,2026-07-29 12:01:58.760608+00,c335de40-6553-4c08-9631-28d934ac1101,,
bfa7555f-e79d-41d3-82b7-1db381bacb6b,ff50e524-a828-498f-9ebf-b1a35c0633a3,6ee6221b-c976-455e-ad6b-a7dcc334c8b4,E A,,active,2026-07-28 19:16:40.122936+00,2026-07-29 12:01:58.760608+00,df56dc61-8df4-4c14-bfc8-6ebdef23c54e,,
83697e5b-82ef-404c-a244-f78303cf4777,5c91139d-cbb2-47c5-8959-2e20b022f55c,6ee6221b-c976-455e-ad6b-a7dcc334c8b4,E A,,active,2026-07-28 19:17:44.775066+00,2026-07-29 12:01:58.760608+00,43941e2d-bd3e-4f80-b905-dbeb78fb6312,,
cae86863-c2e9-4399-b862-56c8a5645447,600fdac1-7349-4999-9b66-ab52b8027067,6ee6221b-c976-455e-ad6b-a7dcc334c8b4,Equipo A,,active,2026-07-28 19:17:47.208407+00,2026-07-29 12:01:58.760608+00,0676f8f1-bf1e-43ac-927d-d488bd2f3e87,,
cb25544f-a9e1-4ea8-8e4d-7bec1454e898,690e8062-0a18-409c-a22d-d2d9fe4e1abc,6ee6221b-c976-455e-ad6b-a7dcc334c8b4,E A,,active,2026-07-29 13:31:19.152934+00,2026-07-29 13:31:19.152934+00,8b0a87be-6bb3-49f3-b7c4-84ab11af8949,,
0a1eb97c-b7a5-4a67-ba23-e5869245907c,9959497c-2b0d-406a-bfd8-c9ecc21520fc,6ee6221b-c976-455e-ad6b-a7dcc334c8b4,E B,,active,2026-07-29 13:31:19.864859+00,2026-07-29 13:31:19.864859+00,96aeed8a-814b-418b-a570-554900e86940,,
0ef2801e-5ae8-49a1-85e0-21f9b54f6f17,336fcc38-cb14-4050-9a09-76c5dfff3485,6ee6221b-c976-455e-ad6b-a7dcc334c8b4,Equipo A,,active,2026-07-29 13:31:25.394612+00,2026-07-29 13:31:25.394612+00,e1db391e-05e8-481e-9c56-e173e4afd444,,
14fa303f-ca02-4624-9c7d-6a945c25d366,336fcc38-cb14-4050-9a09-76c5dfff3485,6ee6221b-c976-455e-ad6b-a7dcc334c8b4,Suplantado,,active,2026-07-29 13:31:26.022143+00,2026-07-29 13:31:26.022143+00,fef5003e-60c0-46d8-969c-56f3916e9ee9,,
